{"cameraMode":{"drawMode":0,"name":"Shaded","section":"Shading Mode"},"sceneLighting":true,"audioPlay":false,"sceneViewState":{"showFog":true,"showMaterialUpdate":false,"showSkybox":true,"showFlares":true,"showImageEffects":true,"showParticleSystems":true},"in2DMode":false,"pivot":{"x":3.404362678527832,"y":2.123763084411621,"z":0.07805174589157105},"rotation":{"x":-0.31501173973083498,"y":0.6336463689804077,"z":-0.31575655937194826,"w":-0.632122814655304},"size":23.096988677978517,"orthographic":false}