{"cameraMode":{"drawMode":0,"name":"Shaded","section":"Shading Mode"},"sceneLighting":true,"audioPlay":false,"sceneViewState":{"showFog":true,"showMaterialUpdate":false,"showSkybox":true,"showFlares":true,"showImageEffects":true,"showParticleSystems":true},"in2DMode":false,"pivot":{"x":3.729365587234497,"y":3.506040096282959,"z":-3.6457717418670656},"rotation":{"x":-0.13774648308753968,"y":0.481291800737381,"z":-0.07688023149967194,"w":-0.8622586131095886},"size":1.5073950290679932,"orthographic":false}